<?xml version="1.0" encoding="utf-8" standalone="yes" ?>
<rss version="2.0" xmlns:atom="http://www.w3.org/2005/Atom">
  <channel>
    <title>Properties on UI Shapes Kit Docs</title>
    <link>http://uishapeskit.thisotherthing.co/properties/</link>
    <description>Recent content in Properties on UI Shapes Kit Docs</description>
    <generator>Hugo -- gohugo.io</generator>
    <language>en-us</language>
    
	<atom:link href="http://uishapeskit.thisotherthing.co/properties/index.xml" rel="self" type="application/rss+xml" />
    
    
    <item>
      <title>Shape</title>
      <link>http://uishapeskit.thisotherthing.co/properties/shape/</link>
      <pubDate>Mon, 01 Jan 0001 00:00:00 +0000</pubDate>
      
      <guid>http://uishapeskit.thisotherthing.co/properties/shape/</guid>
      <description>         Draw Fill draw a filled shape   Shadow toggles Fill Shadow   Color set Fill color             Draw Outline draw a line along shape   Shadow toggles Outline Shadow   Color set Outline color    </description>
    </item>
    
    <item>
      <title>Arc Properties</title>
      <link>http://uishapeskit.thisotherthing.co/properties/arc/</link>
      <pubDate>Mon, 01 Jan 0001 00:00:00 +0000</pubDate>
      
      <guid>http://uishapeskit.thisotherthing.co/properties/arc/</guid>
      <description>         Direction set the direction of the arc (Backward, Forward, Center)   Length length of the arc    </description>
    </item>
    
    <item>
      <title>Ellipse Properties</title>
      <link>http://uishapeskit.thisotherthing.co/properties/ellipse/</link>
      <pubDate>Mon, 01 Jan 0001 00:00:00 +0000</pubDate>
      
      <guid>http://uishapeskit.thisotherthing.co/properties/ellipse/</guid>
      <description>   Fitting      Ellipse ellipse is stretched to fill RectTransform   Uniform Inner fit   Raycast Target should graphic be a raycast target       Base Angle     Offset Angle in Radians       Mode      Calculated dynamically changes number of segments, to keep Max Distance   Fixed uses Resolution to set number of ellipse segments    </description>
    </item>
    
    <item>
      <title>Line Properties</title>
      <link>http://uishapeskit.thisotherthing.co/properties/line/</link>
      <pubDate>Mon, 01 Jan 0001 00:00:00 +0000</pubDate>
      
      <guid>http://uishapeskit.thisotherthing.co/properties/line/</guid>
      <description>         Closed should the line be closed between the first and last point       Cap      Close line ends at the point position   Projected line end is moved by Line Weight   Round line ends with a half circle
Resolution can be calculated with a Max Distance
or set to a fixed Resolution    </description>
    </item>
    
    <item>
      <title>Points List</title>
      <link>http://uishapeskit.thisotherthing.co/properties/points-list/</link>
      <pubDate>Mon, 01 Jan 0001 00:00:00 +0000</pubDate>
      
      <guid>http://uishapeskit.thisotherthing.co/properties/points-list/</guid>
      <description>Generators    Custom      Positions list of the point positions,
but using the handles in the scene view is recommended
drag large handles to change position
click small handles to add new points
hold ctrl to remove points   Show Handles toggle line handles visibility       Rect      Center offset center   Width rectangle width   Height rectangle height   Start Offset sets, which corner should be first in list       Round      Center offset center   Width ellipse width   Height ellipse height   Start Offset rotate points   Length length of the ellipse/arc</description>
    </item>
    
    <item>
      <title>Polygon Properties</title>
      <link>http://uishapeskit.thisotherthing.co/properties/polygon/</link>
      <pubDate>Mon, 01 Jan 0001 00:00:00 +0000</pubDate>
      
      <guid>http://uishapeskit.thisotherthing.co/properties/polygon/</guid>
      <description>   Center Mode      Calculated center vertex is placed in the average center of all points   Offset offset calculated center, with Offset   Custom Position set center vertex relative to RectTransform center   Cutout adds a hole in the center of the polygon.
Use Resolution and Radius to set its shape.
Rotation Offset rotates the cutout, please be aware, that this can cause/fix overlapping triangles    </description>
    </item>
    
    <item>
      <title>Rounded</title>
      <link>http://uishapeskit.thisotherthing.co/properties/rounded/</link>
      <pubDate>Mon, 01 Jan 0001 00:00:00 +0000</pubDate>
      
      <guid>http://uishapeskit.thisotherthing.co/properties/rounded/</guid>
      <description> Type None no rounded corners
Type Uniform    Radius      Use Max Radius round corners as much as possible   Radius uniform corner radius    Type Individual    Radius      Top Left top left radius   Top Right top right radius   Bottom Right bottom right radius   Bottom Left bottom left radius    Resolution    Mode      Uniform all corners share same resolution   Individual every corner has separate resolution       Type      Calculated vertices are placed automatically, no further apart than Max Distance   Fixed Resolution sets the number of corner vertices    </description>
    </item>
    
    <item>
      <title>Outline</title>
      <link>http://uishapeskit.thisotherthing.co/properties/outline/</link>
      <pubDate>Mon, 01 Jan 0001 00:00:00 +0000</pubDate>
      
      <guid>http://uishapeskit.thisotherthing.co/properties/outline/</guid>
      <description>   Type      Inner outline grows into the shape   Center outline is centered   Outer outline grows outside the shape       Line Weight     width of the outline    </description>
    </item>
    
    <item>
      <title>Anti Aliasing</title>
      <link>http://uishapeskit.thisotherthing.co/properties/anti-aliasing/</link>
      <pubDate>Mon, 01 Jan 0001 00:00:00 +0000</pubDate>
      
      <guid>http://uishapeskit.thisotherthing.co/properties/anti-aliasing/</guid>
      <description>         Anti Aliasing how many pixels should the anti aliasing cover    </description>
    </item>
    
    <item>
      <title>Shadow</title>
      <link>http://uishapeskit.thisotherthing.co/properties/shadow/</link>
      <pubDate>Mon, 01 Jan 0001 00:00:00 +0000</pubDate>
      
      <guid>http://uishapeskit.thisotherthing.co/properties/shadow/</guid>
      <description>         Shape toggle shape drawing   Shadow toggle shadow drawing       Position Offset      Angle set direction of the offset   Distance set distance of the offset       Shadows      Color Shadow Color   Offset offset this shadow   Size size increase over shape   Softness how how hard or soft the edge should be    </description>
    </item>
    
  </channel>
</rss>