<?xml version="1.0" encoding="utf-8" standalone="yes" ?>
<rss version="2.0" xmlns:atom="http://www.w3.org/2005/Atom">
  <channel>
    <title>Shapes on UI Shapes Kit Docs</title>
    <link>http://uishapeskit.thisotherthing.co/shapes/</link>
    <description>Recent content in Shapes on UI Shapes Kit Docs</description>
    <generator>Hugo -- gohugo.io</generator>
    <language>en-us</language>
    
	<atom:link href="http://uishapeskit.thisotherthing.co/shapes/index.xml" rel="self" type="application/rss+xml" />
    
    
    <item>
      <title>Rectangle</title>
      <link>http://uishapeskit.thisotherthing.co/shapes/rectangle/</link>
      <pubDate>Mon, 01 Jan 0001 00:00:00 +0000</pubDate>
      
      <guid>http://uishapeskit.thisotherthing.co/shapes/rectangle/</guid>
      <description>Base          Material set custom material   Sprite set sprite   Raycast Target should graphic be a raycast target     Shape          Draw Fill draw a filled shape   Shadow toggles Fill Shadow   Color set Fill color             Draw Outline draw a line along shape   Shadow toggles Outline Shadow   Color set Outline color     Rounded Type None no rounded corners</description>
    </item>
    
    <item>
      <title>Ellipse</title>
      <link>http://uishapeskit.thisotherthing.co/shapes/ellipse/</link>
      <pubDate>Mon, 01 Jan 0001 00:00:00 +0000</pubDate>
      
      <guid>http://uishapeskit.thisotherthing.co/shapes/ellipse/</guid>
      <description>Base          Material set custom material   Sprite set sprite   Raycast Target should graphic be a raycast target     Shape          Draw Fill draw a filled shape   Shadow toggles Fill Shadow   Color set Fill color             Draw Outline draw a line along shape   Shadow toggles Outline Shadow   Color set Outline color     Ellipse Properties    Fitting      Ellipse ellipse is stretched to fill RectTransform   Uniform Inner fit   Raycast Target should graphic be a raycast target       Base Angle     Offset Angle in Radians       Mode      Calculated dynamically changes number of segments, to keep Max Distance   Fixed uses Resolution to set number of ellipse segments     Outline    Type      Inner outline grows into the shape   Center outline is centered   Outer outline grows outside the shape       Line Weight     width of the outline     Shadow          Shape toggle shape drawing   Shadow toggle shadow drawing       Position Offset      Angle set direction of the offset   Distance set distance of the offset       Shadows      Color Shadow Color   Offset offset this shadow   Size size increase over shape   Softness how how hard or soft the edge should be     Anti Aliasing          Anti Aliasing how many pixels should the anti aliasing cover    </description>
    </item>
    
    <item>
      <title>Line</title>
      <link>http://uishapeskit.thisotherthing.co/shapes/line/</link>
      <pubDate>Mon, 01 Jan 0001 00:00:00 +0000</pubDate>
      
      <guid>http://uishapeskit.thisotherthing.co/shapes/line/</guid>
      <description>Base          Material set custom material   Sprite set sprite   Raycast Target should graphic be a raycast target    Shape          Color set Fill color     Points List Generators    Custom      Positions list of the point positions,
but using the handles in the scene view is recommended</description>
    </item>
    
    <item>
      <title>Polygon</title>
      <link>http://uishapeskit.thisotherthing.co/shapes/polygon/</link>
      <pubDate>Mon, 01 Jan 0001 00:00:00 +0000</pubDate>
      
      <guid>http://uishapeskit.thisotherthing.co/shapes/polygon/</guid>
      <description>Base          Material set custom material   Raycast Target should graphic be a raycast target    Shape          Color set Fill color     Points List Generators    Custom      Positions list of the point positions,
but using the handles in the scene view is recommended</description>
    </item>
    
    <item>
      <title>Arc</title>
      <link>http://uishapeskit.thisotherthing.co/shapes/arc/</link>
      <pubDate>Mon, 01 Jan 0001 00:00:00 +0000</pubDate>
      
      <guid>http://uishapeskit.thisotherthing.co/shapes/arc/</guid>
      <description>Base          Material set custom material   Raycast Target should graphic be a raycast target    Shape          Color set Fill color    Ellipse Properties    Fitting      Ellipse ellipse is stretched to fill RectTransform   Uniform Inner fit   Raycast Target should graphic be a raycast target       Base Angle     Offset Angle in Radians       Mode      Calculated dynamically changes number of segments, to keep Max Distance   Fixed uses Resolution to set number of ellipse segments     Arc Properties          Direction set the direction of the arc (Backward, Forward, Center)   Length length of the arc    Cap          Close line ends at the point position   Projected line end is moved by Line Weight   Round line ends with a half circle</description>
    </item>
    
    <item>
      <title>Sector</title>
      <link>http://uishapeskit.thisotherthing.co/shapes/sector/</link>
      <pubDate>Mon, 01 Jan 0001 00:00:00 +0000</pubDate>
      
      <guid>http://uishapeskit.thisotherthing.co/shapes/sector/</guid>
      <description> Base          Material set custom material   Raycast Target should graphic be a raycast target    Shape          Color set Fill color     Ellipse Properties    Fitting      Ellipse ellipse is stretched to fill RectTransform   Uniform Inner fit   Raycast Target should graphic be a raycast target       Base Angle     Offset Angle in Radians       Mode      Calculated dynamically changes number of segments, to keep Max Distance   Fixed uses Resolution to set number of ellipse segments     Arc Properties          Direction set the direction of the arc (Backward, Forward, Center)   Length length of the arc     Outline    Type      Inner outline grows into the shape   Center outline is centered   Outer outline grows outside the shape       Line Weight     width of the outline     Shadow          Shape toggle shape drawing   Shadow toggle shadow drawing       Position Offset      Angle set direction of the offset   Distance set distance of the offset       Shadows      Color Shadow Color   Offset offset this shadow   Size size increase over shape   Softness how how hard or soft the edge should be     Anti Aliasing          Anti Aliasing how many pixels should the anti aliasing cover    </description>
    </item>
    
    <item>
      <title>Edge Gradient</title>
      <link>http://uishapeskit.thisotherthing.co/shapes/edge-gradient/</link>
      <pubDate>Mon, 01 Jan 0001 00:00:00 +0000</pubDate>
      
      <guid>http://uishapeskit.thisotherthing.co/shapes/edge-gradient/</guid>
      <description> Base          Material set custom material   Raycast Target should graphic be a raycast target    Edges          Size the length of the gradient   Color color of the gradient   Position Top, Bottom, Left, Right
Outer Top, Outer Bottom, Outer Left, Outer Right    </description>
    </item>
    
    <item>
      <title>Pixel Line</title>
      <link>http://uishapeskit.thisotherthing.co/shapes/pixel-line/</link>
      <pubDate>Mon, 01 Jan 0001 00:00:00 +0000</pubDate>
      
      <guid>http://uishapeskit.thisotherthing.co/shapes/pixel-line/</guid>
      <description> Base          Material set custom material   Raycast Target should graphic be a raycast target             Line Weight how thick should the line be, in pixels
please note only non-fractional numbers are pixel perfect       Snapped Properties      Orientation Horizontal, Vertical   Position Center, Top, Bottom, Left, Right    </description>
    </item>
    
    <item>
      <title>Empty Fill Rect</title>
      <link>http://uishapeskit.thisotherthing.co/shapes/empty-fill-rect/</link>
      <pubDate>Mon, 01 Jan 0001 00:00:00 +0000</pubDate>
      
      <guid>http://uishapeskit.thisotherthing.co/shapes/empty-fill-rect/</guid>
      <description>An empty graphic, that can be used as a raycast target. Useful for creating target areas larger that the visible graphic.
         Raycast Target should graphic be a raycast target    </description>
    </item>
    
  </channel>
</rss>